{
  "swagger": "2.0",
  "info": {
    "description": "Ini adalah contoh server untuk mengambil data dari pengguna atau player",
    "version": "1.0.0",
    "title": "Binar-Challenge-Chapter-8"
  },
  "host": "localhost:5000",
  "basePath": "/api",

  "tags": [
    {
      "name": "Players",
      "description": "Data para pemain",
      "externalDocs": {
        "description": "Cari tahu lebih banyak di",
        "url": "https://gitlab.com/yagnia/binar-challenge-chapter-8/-/forks/new"
      }
    }
  ],
  "schemes": ["https", "http"],
  "paths": {
    "/players": {
      "post": {
        "tags": ["Players"],
        "summary": "Menambahkan data player baru",
        "description": "Player harus input data",
        "consumes": "form data",
        "produces": ["application/json"],
        "parameters": [
          {
            "in": "body",
            "name": "body",
            "description": "Isilah sesuai data KTP",
            "required": true,
            "schema": {
              "type": "object",
              "properties": {
                "username": { "type": "string" },
                "email": { "type": "string" },
                "password": { "type": "string" },
                "experience": { "type": "integer" },
                "lvl": { "type": "integer" }
              }
            }
          }
        ],
        "responses": {
          "201": { "description": "SUCCESS" },
          "400": {
            "description": "FAILED, Username or email or password field cannot be empty."
          },
          "500": {
            "description": "FAILED, Some error occurred while creating the Player."
          }
        },
        "security": [
          {
            "playerstore_auth": ["write:players", "read:players"]
          }
        ]
      },
      "get": {
        "tags": ["Players"],
        "summary": "Menampilkan data semua player",
        "description": "Menampilkan data semua player",
        "operationId": "findAll",
        "produces": ["application/json"],
        "parameters": [
          {
            "description": "Menampilkan semua data pemain",
            "required": true
            
          }
        ],
        "responses": {
          "200": {
            "description": "SUCCESS",
            "schema": {
              "type": "object",
              "properties": {
                "username": { "type": "string" },
                "email": { "type": "string" },
                "password": { "type": "string" },
                "experience": { "type": "integer" },
                "lvl": { "type": "integer" }
              }
            }
          },
          "500": {
            "description": "Some error occurred while creating the Player"
          }
        },
        "security": [
          {
            "playerstore_auth": ["write:players", "read:players"]
          }
        ]
      }
    },

    "/players/:id": {
      "get": {
        "tags": ["Players"],
        "summary": "Mencari player berdasarkan ID",
        "description": "Returns a single player",
        "operationId": "getplayerById",
        "produces": ["application/json"],
        "parameters": [
          {
            "name": "playerId",
            "in": "path",
            "description": "ID of player to return",
            "required": true,
            "type": "integer",
            "format": "int64"
          }
        ],
        "responses": {
          "200": {
            "description": "SUCCESS",
            "schema": {
              "$ref": "#/definitions/player"
            }
          },
          "500": {
            "description": "Error retrieving player with id"
          }
        },
        "security": [
          {
            "api_key": []
          }
        ]
      },
      "put": {
        "tags": ["Players"],
        "summary": "Update data player",
        "description": "Mengupdate data player",
        "operationId": "updateplayer",

        "produces": ["application/json"],
        "parameters": [
          {
            "in": "body",
            "name": "body",
            "description": "player object that needs to be added to the store",
            "required": true,
            "schema": {
              "$ref": "#/definitions/player"
            }
          }
        ],
        "responses": {
          "200": {
            "description": "Player was updated successfully."
          },
          "400": {
            "description": "FAILED, Cannot update Player, maybe player was not found or req.body is empty!"
          },
          "500": {
            "description": "FAILED, Error updating Player."
          }
        },
        "security": [
          {
            "playerstore_auth": ["write:players", "read:players"]
          }
        ]
      },
      "delete": {
        "tags": ["Players"],
        "summary": "Hapus data player",
        "description": "",
        "operationId": "deleteplayer",
        "produces": ["application/json"],
        "parameters": [
          {
            "name": "api_key",
            "in": "header",
            "required": false,
            "type": "string"
          },
          {
            "name": "playerId",
            "in": "path",
            "description": "player id to delete",
            "required": true,
            "type": "integer",
            "format": "int64"
          }
        ],
        "responses": {
          "200": {
            "description": "SUCCESS, Player was deleted successfully!"
          },
          "400": {
            "description": "FAILED, Cannot delete Player, maybe player was not found!"
          },
          "500": {
            "description": "FAILED, Could not delete player."
          }
        },
        "security": [
          {
            "playerstore_auth": ["write:players", "read:players"]
          }
        ]
      }
    },
    "/players/exp/:id": {
      "post": {
        "tags": ["Players"],
        "summary": "Menambah LVL player berdasarkan EXP",
        "description": "",
        "operationId": "updateplayerWithForm",
        "consumes": ["application/x-www-form-urlencoded"],
        "produces": ["application/json"],
        "parameters": [
          {
            "name": "playerId",
            "in": "path",
            "description": "Mencari pemain ",
            "required": true,
            "type": "integer",
            "format": "int64"
          },
          {
            "name": "name",
            "in": "formData",
            "description": "Updated name of the player",
            "required": false,
            "type": "string"
          },
          {
            "name": "status",
            "in": "formData",
            "description": "Updated status of the player",
            "required": false,
            "type": "string"
          }
        ],
        "responses": {
          "200": {
            "description": "SUCCESS"
          },
          "500":{
            "description":"FAILED, Error retrieving Player"
          }
        },
        "security": [
          {
            "playerstore_auth": ["write:players", "read:players"]
          }
        ]
      }
    }
  },

  "securityDefinitions": {
    "playerstore_auth": {
      "type": "oauth2",
      "authorizationUrl": "http://playerstore.swagger.io/oauth/dialog",
      "flow": "implicit",
      "scopes": {
        "write:players": "modify players in your account",
        "read:players": "read your players"
      }
    },
    "api_key": {
      "type": "apiKey",
      "name": "api_key",
      "in": "header"
    }
  },

  "definitions": {
    "Order": {
      "type": "object",
      "properties": {
        "id": {
          "type": "integer",
          "format": "int64"
        },
        "playerId": {
          "type": "integer",
          "format": "int64"
        }
      }
    },
    "Category": {
      "type": "object",
      "properties": {
        "id": {
          "type": "integer",
          "format": "int64"
        },
        "name": {
          "type": "string"
        }
      }
    },
    "User": {
      "type": "object",
      "properties": {
        "id": {
          "type": "integer",
          "format": "int64"
        },
        "username": {
          "type": "string"
        },
        "email": {
          "type": "string"
        },
        "password": {
          "type": "string"
        },
        "experience": {
          "type": "integer"
        },
        "lvl": {
          "type": "integer"
        }
      }
    },
    "Tag": {
      "type": "object",
      "properties": {
        "id": {
          "type": "integer",
          "format": "int64"
        },
        "name": {
          "type": "string"
        }
      }
    },
    "players": {
      "type": "object",
      "required": ["username"],
      "properties": {
        "id": {
          "type": "integer",
          "format": "int64"
        },
        "category": {
          "$ref": "#/definitions/Category"
        },
        "username": {
          "type": "string",
          "example": "ami"
        },
        "tags": {
          "type": "array",
          "items": {
            "$ref": "#/definitions/Tag"
          }
        },
        "status": {
          "type": "string",
          "description": "player status in the data",
          "enum": ["available", "pending approval"]
        }
      }
    },
    "ApiResponse": {
      "type": "object",
      "properties": {
        "code": {
          "type": "integer",
          "format": "int32"
        },
        "type": {
          "type": "string"
        },
        "message": {
          "type": "string"
        }
      }
    }
  }
}
